id,tratamiento,cepa,concentracion,longitudP,superficieP,volumenP,diametroP,nlaterales,densidad,interbranch_distance,longitudL,longitudTotal,diametroL,Exp
1,1,UA321,control,25.01762,11.826981,0.5545986,0.1281521,38,2.3206236,0.9616527,101.3864428,126.4040628,0.054186597,Exp1
2,1,UA321,control,30.285723,16.063917,0.7697605,0.1441686,58,2.288206,0.58963275,99.77641823,130.0621412,0.056394594,Exp1
3,1,UA321,control,20.364765,11.100804,0.5739179,0.15160516,47,3.7701578,0.9254249,128.0730664,148.4378314,0.047383818,Exp1
4,1,UA321,control,26.040894,16.136843,0.9129408,0.17766918,45,1.9422601,0.65539056,112.8007461,138.8416401,0.061065255,Exp1
5,1,UA321,control,29.301924,16.202438,0.8191819,0.15938438,50,2.183264,0.5908542,137.419602,166.721526,0.054619195,Exp1
6,1,UA321,control,30.644053,16.520458,0.84973574,0.15578827,68,2.475983,1.0609744,145.4285598,176.0726128,0.045586317,Exp1
7,1,UA321,control,24.251917,12.974529,0.6812823,0.15669751,56,2.981795,0.9449816,120.8141392,145.0660562,0.053205963,Exp1
8,1,UA321,control,,,,,,,,,,,Exp1
9,2,UA321,1.00E+04,23.257862,13.403752,0.8087479,0.15297513,46,3.4256258,0.9332298,109.6264787,132.8843407,0.004887565,Exp1
10,2,UA321,1.00E+04,18.217566,12.088788,0.77376676,0.19824386,59,3.613446,0.801169,161.8240684,180.0416344,0.004669219,Exp1
11,2,UA321,1.00E+04,36.725193,22.747038,1.310689,0.18363297,51,1.6090373,0.7832276,150.7558015,187.4809945,0.060498732,Exp1
12,2,UA321,1.00E+04,22.602613,15.133793,0.95982826,0.1847594,56,3.1772406,0.65294135,128.9061873,151.5088003,0.047383393,Exp1
13,2,UA321,1.00E+04,18.59832,11.398226,0.6752876,0.17202674,38,2.99916,0.49223503,141.3634042,159.9617242,0.05298102,Exp1
14,2,UA321,1.00E+04,13.66992,11.553129,0.92867035,0.25728446,45,3.870522,1.2252448,134.1415511,147.8114711,0.044824387,Exp1
15,2,UA321,1.00E+04,26.552647,12.257586,0.5614674,0.12343131,39,2.211186,0.90892655,119.3591697,145.9118167,0.047872056,Exp1
16,2,UA321,1.00E+04,24.279074,10.1263485,0.45360416,0.10893154,36,2.321898,1.1592287,86.37237955,110.6514536,0.03919273,Exp1
17,3,UA321,1.00E+05,25.36166,14.524376,0.79936934,0.16863042,53,3.9614096,0.6282211,128.8902404,154.2519004,0.043532102,Exp1
18,3,UA321,1.00E+05,26.197126,13.783945,0.7872124,0.11940232,65,3.4681304,0.48170525,254.5219039,280.7190299,0.04217018,Exp1
19,3,UA321,1.00E+05,25.804012,16.133476,1.0973644,0.15898025,55,2.8730462,1.1677476,135.774899,161.578911,0.043370014,Exp1
20,3,UA321,1.00E+05,17.413986,10.718608,0.7162694,0.16734953,38,3.4161613,0.7211859,117.6086936,135.0226796,0.049618622,Exp1
21,3,UA321,1.00E+05,20.874134,13.417465,0.8352429,0.18007654,33,1.6983137,0.7020756,111.7410106,132.6151446,0.058540411,Exp1
22,3,UA321,1.00E+05,12.401391,8.111494,0.52123666,0.20468211,32,3.1260238,1.1323557,90.1595237,102.5609147,0.044226206,Exp1
23,3,UA321,1.00E+05,24.049042,14.601165,0.93006337,0.17035039,49,3.2002258,0.749493,160.5207947,184.5698367,0.044431357,Exp1
24,3,UA321,1.00E+05,22.04842,15.2815485,0.91095906,0.2158527,35,1.9244409,0.8092115,109.2099834,131.2584034,0.062049534,Exp1
25,4,UA321,1.00E+06,26.753963,13.373989,0.74186313,0.124896765,20,2.1157246,0.7469046,90.33464766,117.0886107,0.059419587,Exp1
26,4,UA321,1.00E+06,21.475477,11.962533,0.6227627,0.16433093,33,1.7888821,1.7888821,103.3000574,124.7755344,0.05843796,Exp1
27,4,UA321,1.00E+06,16.90048,10.948688,0.6942003,0.17434792,39,3.290768,1.5440426,133.4259023,150.3263823,0.048396051,Exp1
28,4,UA321,1.00E+06,23.167807,11.788627,0.59628373,0.14067206,45,2.6305807,0.992426,127.1297285,150.2975355,0.053171615,Exp1
29,4,UA321,1.00E+06,15.701262,8.5320425,0.46789622,0.14778002,38,3.7015293,0.7682419,110.5028917,126.2041537,0.047219269,Exp1
30,4,UA321,1.00E+06,27.650253,17.079634,1.0067837,0.16358832,38,1.4055648,0.74985653,85.00596151,112.6562145,0.065190685,Exp1
31,4,UA321,1.00E+06,25.62983,13.626698,0.7240609,0.1651044,35,2.0623312,1.0077066,115.3271951,140.9570251,0.047586173,Exp1
32,4,UA321,1.00E+06,29.167253,19.241272,1.1062458,0.19547084,43,1.7097447,0.675546,110.7323517,139.8996047,0.060011443,Exp1
33,5,UA321,1.00E+07,25.725643,14.502645,0.86977565,0.1562298,50,2.6815429,0.77263343,147.7725217,173.4981647,0.047614075,Exp1
34,5,UA321,1.00E+07,35.163258,18.937004,0.9905185,0.16453345,56,2.0125093,0.89100575,115.2471029,150.4103609,0.052030804,Exp1
35,5,UA321,1.00E+07,17.54221,12.740291,0.80925816,0.20910037,24,1.5874175,1.24969,46.09425443,63.63646443,0.061158228,Exp1
36,5,UA321,1.00E+07,22.752693,15.250918,0.95146424,0.170566,44,2.6126883,0.51665694,121.5365665,144.2892595,0.058189345,Exp1
37,5,UA321,1.00E+07,26.461552,15.812599,0.9241317,0.16338404,41,1.8641402,0.7458617,155.3094959,181.7710479,0.051537538,Exp1
38,5,UA321,1.00E+07,24.987375,16.312222,1.1023847,0.17304122,54,3.1649554,0.82951623,135.4317266,160.4191016,0.048088735,Exp1
39,5,UA321,1.00E+07,24.939209,15.919718,0.93939984,0.17666559,40,2.2224593,0.7454941,87.10144347,112.0406525,0.054942529,Exp1
40,5,UA321,1.00E+07,22.142813,11.959586,0.68359745,0.14781556,32,1.9583374,1.6554469,97.74387898,119.886692,0.043858926,Exp1
41,6,UA321,1.00E+08,27.771637,14.789435,0.79024994,0.1496744,56,2.3305697,1.0536189,189.0678398,216.8394768,0.046109469,Exp1
42,6,UA321,1.00E+08,23.901207,14.226509,0.8278505,0.16949767,52,2.8339505,1.4594035,159.1211552,183.0223622,0.045813623,Exp1
43,6,UA321,1.00E+08,23.776426,12.761189,0.69334567,0.1508894,59,2.8852232,0.47132942,179.7637,203.540126,0.038982339,Exp1
44,6,UA321,1.00E+08,31.361103,18.504105,0.95341325,0.17242797,48,1.5754142,1.2002323,154.684303,186.045406,0.043691089,Exp1
45,6,UA321,1.00E+08,32.296318,12.559387,0.48357674,0.116775036,58,2.3020353,0.63889337,172.6357145,204.9320325,0.043629272,Exp1
46,6,UA321,1.00E+08,25.733418,14.421069,0.71560603,0.1677957,57,3.4054635,1.6365528,175.3315204,201.0649384,0.049680751,Exp1
47,6,UA321,1.00E+08,20.213648,11.389578,0.6830039,0.15021604,35,3.23221,0.4999804,168.3072786,188.5209266,0.043995863,Exp1
48,6,UA321,1.00E+08,28.897104,15.987211,0.79704773,0.15808003,33,1.246129,2.9383748,91.02011124,119.9172152,0.050076672,Exp1
49,7,EA575,control,12.384367,3.6667314,0.095497414,0.089371905,25,2.79525,1.2405521,38.78409729,51.16846429,0.032707681,Exp1
50,7,EA575,control,25.882284,16.457975,0.9729116,0.1820704,37,1.7313906,3.5789127,156.3835209,182.2658049,0.049593914,Exp1
51,7,EA575,control,17.451283,11.62755,0.6751234,0.20481157,46,3.3036618,0.8558712,154.2914808,171.7427638,0.048914812,Exp1
52,7,EA575,control,31.084482,18.882902,1.0213889,0.17533502,24,1.164336,1.0790132,65.46695521,96.55143721,0.059340202,Exp1
53,7,EA575,control,25.15857,14.438193,0.7655633,0.15735897,60,2.5766852,1.195628,127.5535552,152.7121252,0.046426396,Exp1
54,7,EA575,control,32.30422,18.896204,1.0563511,0.15762237,54,1.8257729,1.8275992,146.592134,178.896354,0.063294953,Exp1
55,7,EA575,control,29.718496,15.504329,0.765991,0.14744556,38,1.8052521,1.8494301,113.7209992,143.4394952,0.055244705,Exp1
56,7,EA575,control,,,,,,,,,,,Exp1
57,8,EA575,1.00E+04,27.729786,13.090132,0.59308517,0.1387419,36,1.9855423,0.8125467,79.33782609,107.0676121,0.048020624,Exp1
58,8,EA575,1.00E+04,24.293247,13.53333,0.7155633,0.15992342,44,2.9582922,0.555023,121.3616451,145.6548921,0.046129436,Exp1
59,8,EA575,1.00E+04,13.047233,7.5293374,0.4245352,0.1699013,34,2.7866135,1.3438798,177.9217182,190.9689512,0.042246098,Exp1
60,8,EA575,1.00E+04,18.824022,11.351497,0.65612674,0.1603996,50,3.9767902,0.6911264,117.1798664,136.0038884,0.043674304,Exp1
61,8,EA575,1.00E+04,30.871521,16.213995,0.80995035,0.13895386,14,0.79590225,5.196912,36.05699148,66.92851248,0.064088256,Exp1
62,8,EA575,1.00E+04,15.040662,8.976401,0.51830864,0.16395989,34,2.6011662,0.9514397,93.78604065,108.8267027,0.044150202,Exp1
63,8,EA575,1.00E+04,18.492502,8.505146,0.34621018,0.13425836,41,3.3337455,1.026662,126.4591232,144.9516252,0.044110514,Exp1
64,8,EA575,1.00E+04,23.35155,14.709516,0.8925866,0.17145045,40,2.9920986,0.57445085,112.1275642,135.4791142,0.047399802,Exp1
65,9,EA575,1.00E+05,13.164617,8.581884,0.54878706,0.18258579,39,3.312441,1.3537319,83.80000941,96.96462641,0.039391386,Exp1
66,9,EA575,1.00E+05,32.780796,21.089985,1.2088183,0.18435238,22,0.93553096,8.921855,79.0186001,111.7993961,0.061788752,Exp1
67,9,EA575,1.00E+05,21.534746,14.549274,0.99930084,0.18351994,54,3.0219202,1.569521,132.5916393,154.1263853,0.048614625,Exp1
68,9,EA575,1.00E+05,32.780796,21.089985,1.2088183,0.18435238,21,0.8930068,1.4317265,79.0186001,111.7993961,0.061788752,Exp1
69,9,EA575,1.00E+05,29.309174,17.079636,0.87560475,0.17128481,33,1.6829499,1.0214038,109.8012579,139.1104319,0.063115794,Exp1
70,9,EA575,1.00E+05,17.545069,12.006808,0.7223611,0.20356168,31,2.2856987,2.329023,146.9691514,164.5142204,0.062223998,Exp1
71,9,EA575,1.00E+05,25.816778,12.963813,0.6378671,0.13798416,57,7.3082113,0.8929146,127.0399746,152.8567526,0.042262392,Exp1
72,9,EA575,1.00E+05,18.563124,11.854612,0.73873913,0.19446647,46,2.814774,1.5050148,181.3049404,199.8680644,0.044462089,Exp1
73,10,EA575,1.00E+06,11.687457,3.0930104,0.07531784,0.07066402,35,5.1467366,1.6309448,52.47873035,64.16618735,0.034752134,Exp1
74,10,EA575,1.00E+06,7.7144785,2.496841,0.07665621,0.09384093,23,3.506284,0.6032479,31.06861935,38.78309785,0.042642453,Exp1
75,10,EA575,1.00E+06,11.605366,3.3057954,0.090168126,0.08602943,42,4.5999146,1.5182166,55.66963233,67.27499833,0.035189858,Exp1
76,10,EA575,1.00E+06,7.6903224,2.3294532,0.06783222,0.0892095,51,6.8789163,0.5380059,93.90559299,101.5959154,0.030440317,Exp1
77,10,EA575,1.00E+06,10.323814,2.8647654,0.08133078,0.07904894,54,5.4569874,0.65860325,68.47964717,78.80346117,0.028762227,Exp1
78,10,EA575,1.00E+06,10.324231,2.8790848,0.08211616,0.08014824,53,11.444924,1.1612424,68.88857301,79.21280401,0.028621934,Exp1
79,10,EA575,1.00E+06,11.73446,3.06001,0.0823072,0.07703438,41,4.1806035,0.6892971,71.19781534,82.93227934,0.027496715,Exp1
80,10,EA575,1.00E+06,11.261694,2.662613,0.058457874,0.06956617,45,1.9119889,1.0909126,63.09837293,74.36006693,0.034867804,Exp1
81,11,EA575,1.00E+07,26.40176,14.142213,0.69432265,0.1365233,51,3.0548813,1.0570557,102.7683386,129.1700986,0.044592811,Exp1
82,11,EA575,1.00E+07,24.767786,12.567131,0.645077,0.14243555,51,2.2732148,0.53781635,128.9810757,153.7488617,0.044080955,Exp1
83,11,EA575,1.00E+07,27.295034,15.703761,0.86705047,0.15993023,74,3.084195,0.82750225,199.6603109,226.9553449,0.047375899,Exp1
84,11,EA575,1.00E+07,32.15921,15.842161,0.7873454,0.13370647,49,2.5955348,1.2681814,130.7559983,162.9152083,0.046224914,Exp1
85,11,EA575,1.00E+07,24.79094,17.03778,1.0349604,0.19231002,28,1.8484027,3.8866985,95.0838871,119.8748271,0.053133369,Exp1
86,11,EA575,1.00E+07,19.46648,12.778017,0.87810004,0.17350817,45,5.440534,1.5501063,74.77534156,94.24182156,0.050544245,Exp1
87,11,EA575,1.00E+07,21.102276,12.6355715,0.76411104,0.14989538,13,0.9841245,1.2606109,70.72626646,91.82854246,0.054648427,Exp1
88,11,EA575,1.00E+07,18.38315,11.09213,0.6940136,0.16075087,32,3.2227225,1.0052155,97.40942297,115.792573,0.053486101,Exp1
89,12,EA575,1.00E+08,10.937944,3.0966244,0.09618288,0.07350795,42,6.415412,0.7545181,70.32361896,81.26156296,0.028163309,Exp1
90,12,EA575,1.00E+08,7.821421,2.5688431,0.07336694,0.09911844,39,11.517533,0.47912222,74.57370954,82.39513054,0.031744604,Exp1
91,12,EA575,1.00E+08,6.7250137,2.0914323,0.062192194,0.094919205,42,7.8250384,0.23269883,43.39835583,50.12336953,0.030682979,Exp1
92,12,EA575,1.00E+08,10.916715,3.7304592,0.11187254,0.098130666,29,5.4571543,2.2844114,36.73453816,47.65125316,0.042639762,Exp1
93,12,EA575,1.00E+08,9.544645,1.9362639,0.37053343,0.058172572,37,6.2056456,0.39578754,34.99549015,44.54013515,0.026608928,Exp1
94,12,EA575,1.00E+08,11.403168,3.0827193,0.08284712,0.072747365,39,10.08074,0.52392876,64.31784376,75.72101176,0.033688268,Exp1
95,12,EA575,1.00E+08,10.075322,2.7023685,0.07056322,0.07717391,52,6.635791,0.4022805,88.78136436,98.85668636,0.027979937,Exp1
96,12,EA575,1.00E+08,10.170503,2.915852,0.08403348,0.08068755,47,5.919175,0.54854053,81.97480836,92.14531136,0.029518137,Exp1
97,13,FZB42,control,27.731098,18.096273,0.993557,0.19465171,50,1.8692046,1.6850709,148.7079399,176.4390379,0.054513243,Exp1
98,13,FZB42,control,22.575722,12.973478,0.67908233,0.17492339,22,1.0508379,3.633718,64.16013155,86.73585355,0.05059986,Exp1
99,13,FZB42,control,23.388203,13.087916,0.64261806,0.16949655,37,1.902456,2.5315003,67.2599412,90.6481442,0.056692224,Exp1
100,13,FZB42,control,16.007038,9.702891,0.5938598,0.17446525,43,3.5133355,1.1770879,122.0768572,138.0838952,0.044081801,Exp1
101,13,FZB42,control,20.368685,12.054603,0.67218524,0.18187924,30,1.8375455,3.376278,81.56165769,101.9303427,0.066300714,Exp1
102,13,FZB42,control,19.133738,9.978136,0.5500107,0.13910636,25,2.5258212,1.2929265,106.945679,126.079417,0.053909782,Exp1
103,13,FZB42,control,16.839642,10.522173,0.6265548,0.18531102,86,5.5503573,1.524467,184.3707626,201.2104046,0.044472054,Exp1
104,13,FZB42,control,12.570649,8.8063135,0.6022148,0.22132072,54,4.6152005,0.57609004,104.9972093,117.5678583,0.045263019,Exp1
105,14,FZB42,1.00E+04,12.698984,3.7849734,0.10484967,0.08502194,69,5.476981,0.5238638,98.54953808,111.2485221,0.031630771,Exp1
106,14,FZB42,1.00E+04,14.355506,3.690443,0.089142345,0.0724691,71,6.728004,0.5371774,107.8189155,122.1744215,0.028091404,Exp1
107,14,FZB42,1.00E+04,9.449117,2.9914324,0.08912325,0.08950556,26,3.611357,1.9764466,32.01621284,41.46532984,0.040526188,Exp1
108,14,FZB42,1.00E+04,10.774947,2.8068233,0.07065232,0.0714551,31,4.480567,0.41324922,38.66856637,49.44351337,0.03154784,Exp1
109,14,FZB42,1.00E+04,10.428758,2.7844076,0.07109747,0.07480821,57,8.47082,0.6370724,80.41062747,90.83938547,0.029329908,Exp1
110,14,FZB42,1.00E+04,5.560148,1.6373601,0.052320138,0.07601989,39,10.664294,0.4001159,50.61364902,56.17379702,0.030821101,Exp1
111,14,FZB42,1.00E+04,14.207214,3.5261688,0.09071286,0.065721154,70,5.2856684,1.9703434,79.81379376,94.02100776,0.027967133,Exp1
112,14,FZB42,1.00E+04,11.97374,3.323245,0.09443327,0.07810512,65,6.743124,0.3921472,90.94065436,102.9143944,0.03255665,Exp1
113,15,FZB42,1.00E+05,16.157665,8.225691,0.42828238,0.14159876,41,3.7194972,2.189171,109.8556938,126.0133588,0.040730564,Exp1
114,15,FZB42,1.00E+05,14.063328,10.333231,0.70249325,0.2173417,51,3.7451665,1.4214128,137.3023079,151.3656359,0.047531155,Exp1
115,15,FZB42,1.00E+05,19.691444,11.218533,0.5671508,0.16137458,62,4.869043,1.090349,117.6410263,137.3324703,0.047437255,Exp1
116,15,FZB42,1.00E+05,25.393087,13.594776,0.70730376,0.15761462,58,3.9807692,1.5891014,142.9190561,168.3121431,0.040778328,Exp1
117,15,FZB42,1.00E+05,26.371069,15.500209,0.8818509,0.16598955,67,3.250823,1.5607573,153.7745972,180.1456662,0.044386724,Exp1
118,15,FZB42,1.00E+05,22.905752,13.0001745,0.71539134,0.1640478,50,6.2928257,0.9255232,98.57759375,121.4833458,0.040009406,Exp1
119,15,FZB42,1.00E+05,18.969551,11.050904,0.6454373,0.16935557,54,4.5324125,0.82763934,112.1879915,131.1575425,0.038948868,Exp1
120,15,FZB42,1.00E+05,20.993849,11.242987,0.70595765,0.1295641,50,2.9851868,1.1531279,149.0330712,170.0269202,0.042538565,Exp1
121,16,FZB42,1.00E+06,23.512562,11.780701,0.6083303,0.13397887,83,4.1036596,0.84723055,247.7096044,271.2221664,0.048470962,Exp1
122,16,FZB42,1.00E+06,23.720142,13.563476,0.7595215,0.1557138,48,6.4502783,1.7195388,98.34568822,122.0658302,0.049178237,Exp1
123,16,FZB42,1.00E+06,22.180923,12.654484,0.6779019,0.16427684,49,4.610546,2.2862306,123.9702962,146.1512192,0.042207932,Exp1
124,16,FZB42,1.00E+06,18.332018,11.365785,0.69298357,0.17178082,47,2.9985766,2.1196117,137.9532083,156.2852263,0.041550382,Exp1
125,16,FZB42,1.00E+06,21.087261,11.034455,0.5775453,0.13856421,55,4.145303,0.6906028,122.3155041,143.4027651,0.047767885,Exp1
126,16,FZB42,1.00E+06,31.99588,18.78536,1.0830824,0.1621766,34,1.9115262,1.5552068,88.40679582,120.4026758,0.059420028,Exp1
127,16,FZB42,1.00E+06,29.66967,14.909322,0.7648889,0.121886805,36,1.9366674,0.8589663,103.5899905,133.2596605,0.057044587,Exp1
128,16,FZB42,1.00E+06,17.809229,11.053885,0.6675945,0.18338913,56,3.796837,1.3583688,136.1305847,153.9398137,0.044961241,Exp1
129,17,FZB42,1.00E+07,27.383984,14.661979,0.73459315,0.1554116,61,3.7856064,1.0698136,185.5445746,212.9285586,0.044727848,Exp1
130,17,FZB42,1.00E+07,10.225034,6.615359,0.37478974,0.19871818,35,8.0938835,0.7941231,98.596358,108.821392,0.050654463,Exp1
131,17,FZB42,1.00E+07,18.292109,10.993953,0.63880473,0.17869696,60,3.6923177,1.2931885,166.208671,184.50078,0.044294913,Exp1
132,17,FZB42,1.00E+07,25.877523,11.84765,0.5283156,0.12923339,58,7.0854263,3.7924137,105.0070447,130.8845677,0.050339861,Exp1
133,17,FZB42,1.00E+07,14.052374,8.752276,0.557329,0.16782895,63,4.728864,1.7360877,194.5522996,208.6046736,0.042388236,Exp1
134,17,FZB42,1.00E+07,18.785429,13.869745,0.96508414,0.21146758,58,3.1951327,1.9497836,169.0078526,187.7932816,0.045687959,Exp1
135,17,FZB42,1.00E+07,28.613594,14.684038,0.72804904,0.15066804,82,3.9259305,1.1079508,260.6334054,289.2469994,0.044244553,Exp1
136,17,FZB42,1.00E+07,21.210972,13.479595,0.7989852,0.18371777,65,3.0644517,1.6565247,218.2921834,239.5031554,0.050842986,Exp1
137,18,FZB42,1.00E+08,19.23706,14.293803,1.0590117,0.20344593,67,3.5674083,0.894967,134.4115183,153.6485783,0.040217756,Exp1
138,18,FZB42,1.00E+08,18.214542,10.03971,0.59489435,0.15444487,53,3.4203615,1.4121604,79.17895006,97.39349206,0.038377206,Exp1
139,18,FZB42,1.00E+08,18.051245,11.0564,0.6969558,0.15388997,66,3.918827,1.0473362,132.5407716,150.5920166,0.046690513,Exp1
140,18,FZB42,1.00E+08,27.880602,15.969253,0.8998168,0.16490634,29,2.456799,0.81075644,107.4744945,135.3550965,0.06094747,Exp1
141,18,FZB42,1.00E+08,25.702967,13.280954,0.73935133,0.117287196,60,4.2125297,2.049934,161.1855396,186.8885066,0.045982612,Exp1
142,18,FZB42,1.00E+08,27.43573,13.833261,0.6629428,0.14235255,26,1.5719907,0.89699054,75.92496812,103.3606981,0.056879313,Exp1
143,18,FZB42,1.00E+08,17.673792,12.384851,0.89370424,0.19582938,45,2.9570127,0.9927849,118.7211074,136.3948994,0.050457211,Exp1
144,18,FZB42,1.00E+08,19.431366,13.663525,0.9262483,0.20564523,45,3.1490064,1.1207807,106.5101551,125.9415211,0.046079626,Exp1
145,19,MBI600,control,24.814297,15.598366,0.912277,0.18267322,59,3.1139963,1.835333,154.1668892,178.9811862,0.044438567,Exp1
146,19,MBI600,control,22.895977,12.797145,0.6960315,0.15727402,53,3.351465,0.8296871,100.5978381,123.4938151,0.049306249,Exp1
147,19,MBI600,control,19.492266,12.436906,0.6943221,0.18641326,43,2.4020107,5.5859394,117.6300293,137.1222953,0.04614811,Exp1
148,19,MBI600,control,18.016151,7.3100166,0.26012498,0.11723532,86,5.336541,0.6971794,148.8959113,166.9120623,0.03913488,Exp1
149,19,MBI600,control,21.038073,10.925512,0.51071525,0.1483514,52,3.8115656,0.757614,104.1169921,125.1550651,0.041150221,Exp1
150,19,MBI600,control,25.434914,15.99711,0.99204016,0.16491051,83,3.4629233,3.8231275,183.2999621,208.7348761,0.045835163,Exp1
151,19,MBI600,control,15.505657,9.361976,0.5504587,0.16385224,30,3.9004426,0.6754205,94.98091126,110.4865683,0.054034283,Exp1
152,19,MBI600,control,8.891747,5.7440248,0.34565365,0.21186125,36,4.364022,0.5386484,88.95480755,97.84655455,0.056429785,Exp1
153,20,MBI600,1.00E+04,15.9180565,8.398804,0.44106802,0.14638701,42,12.893855,1.073277,103.1123653,119.0304218,0.048749254,Exp1
154,20,MBI600,1.00E+04,23.817766,10.820066,0.51745737,0.1227886,49,3.568862,2.3982615,135.1478265,158.9655925,0.032378057,Exp1
155,20,MBI600,1.00E+04,20.237696,11.074014,0.5995158,0.16819061,50,2.5659132,1.4084977,134.8311363,155.0688323,0.047369007,Exp1
156,20,MBI600,1.00E+04,21.651335,12.383759,0.66686124,0.16554976,57,4.0221806,1.3632185,117.1737338,138.8250688,0.042132116,Exp1
157,20,MBI600,1.00E+04,17.51769,10.639199,0.73873687,0.16193776,49,3.519733,1.5955914,98.23889977,115.7565898,0.045995553,Exp1
158,20,MBI600,1.00E+04,33.674652,16.786108,0.9747193,0.12321974,64,4.0172234,4.468577,168.6192484,202.2939004,0.046895936,Exp1
159,20,MBI600,1.00E+04,20.580854,11.069594,0.65046746,0.14912255,58,4.919187,0.582239,131.3172066,151.8980606,0.040799233,Exp1
160,20,MBI600,1.00E+04,29.44429,15.253783,0.7996932,0.1374703,35,1.2089183,1.5644493,92.85869721,122.3029872,0.05537641,Exp1
161,21,MBI600,1.00E+05,17.323462,9.826474,0.5440682,0.14912622,42,7.6940002,0.38887212,87.78871387,105.1121759,0.049468458,Exp1
162,21,MBI600,1.00E+05,15.517279,10.362269,0.64379144,0.19995798,68,10.251301,0.58283424,163.6662349,179.1835139,0.054809116,Exp1
163,21,MBI600,1.00E+05,23.136286,14.037675,0.86476505,0.17711774,52,3.9194837,0.57732075,144.4752875,167.6115735,0.045207442,Exp1
164,21,MBI600,1.00E+05,21.356817,12.124765,0.65565443,0.16911611,48,2.432521,0.91330343,135.1898636,156.5466806,0.040789615,Exp1
165,21,MBI600,1.00E+05,15.60375,10.282864,0.6489778,0.19951074,58,3.717055,0.59021324,182.738243,198.341993,0.04074135,Exp1
166,21,MBI600,1.00E+05,14.424313,8.570639,0.5068702,0.17266044,72,5.1653323,1.2270325,125.618182,140.042495,0.04236639,Exp1
167,21,MBI600,1.00E+05,28.285517,14.591017,0.71003693,0.13820109,47,2.2788413,0.66389745,108.9545499,137.2400669,0.054054067,Exp1
168,21,MBI600,1.00E+05,26.789808,15.048487,0.8552616,0.16418734,88,4.00309,0.5206483,176.3690751,203.1588831,0.047057588,Exp1
169,22,MBI600,1.00E+06,14.328001,3.0224316,0.061249368,0.06331206,45,4.661265,2.8542116,63.19709281,77.52509381,0.026894843,Exp1
170,22,MBI600,1.00E+06,12.3746914,4.6063162,0.298031042,0.093775197,61,6.05492045,2.5442276,80.31335131,92.68804271,0.027665191,Exp1
171,22,MBI600,1.00E+06,10.508839,2.6740353,0.057880152,0.08250955,58,7.0515413,0.2676777,84.83639736,95.34523636,0.028419294,Exp1
172,22,MBI600,1.00E+06,6.93133,1.918923,0.05196818,0.080833055,37,8.087075,0.18633,66.58904326,73.52037326,0.030826289,Exp1
173,22,MBI600,1.00E+06,10.11754,3.095549,0.08922247,0.0884861,57,7.3118176,0.602637,85.99999134,96.11753134,0.029803329,Exp1
174,22,MBI600,1.00E+06,13.846824,3.9005547,0.118899815,0.07126041,76,6.4962587,0.24563295,83.82797326,97.67479726,0.025527053,Exp1
175,22,MBI600,1.00E+06,20.468924,11.442519,0.68597084,0.14578687,45,3.9454443,1.1386858,98.80566929,119.2745933,0.029682971,Exp1
176,22,MBI600,1.00E+06,20.830826,11.654842,0.67498964,0.16031985,57,3.4373858,0.6833459,99.67566929,120.5064953,0.02840271,Exp1
177,23,MBI600,1.00E+07,20.725172,14.73841,0.9262282,0.21467328,53,2.8629737,5.0880327,144.8879168,165.6130888,0.055730598,Exp1
178,23,MBI600,1.00E+07,22.29581,13.264123,0.754932,0.17168811,40,4.212693,1.1985508,122.2594013,144.5552113,0.056204671,Exp1
179,23,MBI600,1.00E+07,21.732426,11.685582,0.6091803,0.15434088,42,3.4398408,0.651345,78.33545545,100.0678815,0.044219848,Exp1
180,23,MBI600,1.00E+07,25.132988,11.726632,0.595421,0.11670791,30,2.6265683,0.86847025,109.0193187,134.1523067,0.044077674,Exp1
181,23,MBI600,1.00E+07,12.962282,8.340408,0.5419422,0.18187316,38,3.4057398,2.0781136,77.88937773,90.85165973,0.041997591,Exp1
182,23,MBI600,1.00E+07,14.436407,10.662775,0.77218837,0.20586732,52,3.9999635,0.59996563,210.1421037,224.5785107,0.048052673,Exp1
183,23,MBI600,1.00E+07,25.222998,13.7763605,0.8020392,0.15491144,55,3.16573,0.998422,153.8826531,179.1056511,0.046734892,Exp1
184,23,MBI600,1.00E+07,23.02413,13.039037,0.8421039,0.1337417,44,3.408428,1.8914104,97.43472303,120.458853,0.042397271,Exp1
185,24,MBI600,1.00E+08,19.570475,10.892883,0.56650853,0.1623792,51,3.4356084,0.46234563,170.0770508,189.6475258,0.044848451,Exp1
186,24,MBI600,1.00E+08,25.732091,11.7888586,0.63949605,0.10332219,48,3.4634283,0.8784578,132.1033907,157.8354817,0.045508322,Exp1
187,24,MBI600,1.00E+08,30.366545,19.084373,1.165359,0.17946678,67,2.473777,0.57332385,217.7715863,248.1381313,0.045651492,Exp1
188,24,MBI600,1.00E+08,28.047485,14.148267,0.7089854,0.13714704,31,2.3865259,1.709355,130.1961453,158.2436303,0.052187038,Exp1
189,24,MBI600,1.00E+08,25.163664,11.403586,0.55949605,0.13372219,40,2.6634283,0.716212,169.5670372,194.7307012,0.051991869,Exp1
190,24,MBI600,1.00E+08,23.217947,12.844328,0.6821343,0.16813546,45,4.5977902,0.86182636,128.4306427,151.6485897,0.049246381,Exp1
191,24,MBI600,1.00E+08,18.181387,11.724744,0.6663328,0.1928616,31,2.2429776,0.68556356,100.2197377,118.4011247,0.058239456,Exp1
192,24,MBI600,1.00E+08,28.432991,13.265404,0.6086254,0.118703775,3,5.42432,0.36870927,22.3400205,50.7730115,0.09825944,Exp1
193,1,UA321,control,28.753145,16.836851,0.9798552,0.16040114,88,3.2828617,2.740048,224.9532641,253.7064091,0.053789818,Exp2
194,1,UA321,control,29.533228,18.027514,1.0641781,0.1672708,70,2.5802777,3.5987017,186.6025978,216.1358258,0.046818633,Exp2
195,1,UA321,control,28.163683,17.349356,0.9975256,0.16825432,30,2.5364203,2.775129,84.37320068,112.5368837,0.057572711,Exp2
196,1,UA321,control,21.16319,12.665345,0.699425,0.17882493,73,4.5662346,2.0280387,180.9492521,202.1124421,0.048565961,Exp2
197,1,UA321,control,28.734156,17.336216,0.98706883,0.1682838,88,3.474747,1.3266006,164.3468747,193.0810307,0.05452992,Exp2
198,1,UA321,control,25.950397,14.584354,0.76192033,0.17111468,34,1.3771652,1.752635,109.1329272,135.0833242,0.060976152,Exp2
199,1,UA321,control,27.247595,18.609983,1.1265227,0.20254819,50,3.9714155,1.0924981,109.4767131,134.0192321,0.0482026,Exp2
200,1,UA321,control,20.783401,11.23198,0.6971031,0.14047773,35,3.1983104,0.8239284,113.3757403,134.1591413,0.049734887,Exp2
201,2,UA321,1.00E+04,18.206036,10.840198,0.6040218,0.173143,65,3.904123,2.6531081,163.2806998,181.4867358,0.045558373,Exp2
202,2,UA321,1.00E+04,25.455524,14.760117,0.8305332,0.16603707,43,1.8089429,0.94146216,129.581325,155.036849,0.052908785,Exp2
203,2,UA321,1.00E+04,21.71149,15.360036,0.97592205,0.20283781,38,3.2028754,2.275274,83.09373627,104.8052263,0.052524356,Exp2
204,2,UA321,1.00E+04,12.98765,9.494507,0.628255,0.21753025,30,2.4658067,0.91729265,94.35505959,107.3427096,0.062115375,Exp2
205,2,UA321,1.00E+04,23.92496,16.988966,1.2111534,0.18781938,51,2.4900432,0.96275765,112.21917,136.14413,0.057156548,Exp2
206,2,UA321,1.00E+04,13.819147,9.289284,0.654015,0.16373909,37,3.5957024,1.2539682,132.1168256,145.9359726,0.060371595,Exp2
207,2,UA321,1.00E+04,14.244182,9.126023,0.5474758,0.19669211,38,2.898941,0.4955633,149.2738744,163.5180564,0.054716101,Exp2
208,2,UA321,1.00E+04,26.925104,13.909222,0.72135055,0.14424713,42,3.8639898,1.0883462,188.1994029,215.1245069,0.04898924,Exp2
209,3,UA321,1.00E+05,23.690966,14.488211,0.84503275,0.16442005,41,2.5045102,3.0372727,95.4170859,119.1080519,0.057199573,Exp2
210,3,UA321,1.00E+05,11.49818,8.208649,0.5253698,0.22952245,58,5.044276,1.9956477,206.3340152,217.8321952,0.053955663,Exp2
211,3,UA321,1.00E+05,19.753586,11.5742288,0.64504301,0.133312776,35.4,1.95733054,1.88101606,86.16033872,105.9139247,0.041263698,Exp2
212,3,UA321,1.00E+05,22.138784,12.435488,0.62664884,0.16385503,38,2.3245347,2.7678144,70.7151137,92.8538977,0.045626952,Exp2
213,3,UA321,1.00E+05,33.72043,18.393082,0.91960746,0.16348712,33,1.0767268,1.226108,47.57907106,81.29950106,0.056331608,Exp2
214,3,UA321,1.00E+05,19.21775,12.554363,0.833926,0.17480168,65,3.880881,2.3738852,217.0904229,236.3081729,0.047160357,Exp2
215,3,UA321,1.00E+05,27.414335,19.329466,1.3070816,0.20348991,94,7.231573,3.1329837,223.3442628,250.7585978,0.055879417,Exp2
216,3,UA321,1.00E+05,17.625616,10.340892,0.5942439,0.1686605,33,7.1158204,1.624551,96.80867164,114.4342876,0.05041649,Exp2
217,4,UA321,1.00E+06,14.294059,9.583555,0.68698066,0.16434863,48,4.303552,2.1224225,149.7331055,164.0271645,0.050485131,Exp2
218,4,UA321,1.00E+06,31.209345,16.463959,0.84172004,0.15373419,51,2.793386,1.3560191,198.8454506,230.0547956,0.062347276,Exp2
219,4,UA321,1.00E+06,27.583805,16.526913,0.9779296,0.15393719,41,5.0626445,1.3664818,81.87995853,109.4637635,0.077943508,Exp2
220,4,UA321,1.00E+06,22.181725,11.60713,0.56673366,0.15261598,31,2.1217947,2.1262937,115.9330333,138.1147583,0.064388182,Exp2
221,4,UA321,1.00E+06,23.1475,14.759523,0.86303586,0.18877116,52,2.8340757,2.275508,153.0123144,176.1598144,0.05506169,Exp2
222,4,UA321,1.00E+06,21.138533,15.073124,1.0840204,0.2022756,62,3.9638467,1.8878019,188.37659,209.515123,0.0496965,Exp2
223,4,UA321,1.00E+06,25.075695,15.018775,0.84532785,0.17855605,57,3.3181474,3.9164128,171.1273346,196.2030296,0.061708944,Exp2
224,4,UA321,1.00E+06,22.253633,13.205966,0.76076853,0.16679345,30,2.0520346,2.5919034,92.75011307,115.0037461,0.076840972,Exp2
225,5,UA321,1.00E+07,18.437653,10.79626,0.61812305,0.16892911,40,5.135877,1.1116204,120.7497925,139.1874455,0.049098458,Exp2
226,5,UA321,1.00E+07,13.03153,8.799879,0.64106864,0.14676145,43,4.2560744,0.7987241,130.502292,143.533822,0.051816274,Exp2
227,5,UA321,1.00E+07,26.27709,15.284259,0.83865017,0.16706043,43,1.8147948,1.9462085,141.5387357,167.8158257,0.052549427,Exp2
228,5,UA321,1.00E+07,18.77565,12.765282,0.8673685,0.18937778,48,2.9384003,2.3785717,127.3467655,146.1224155,0.052117512,Exp2
229,5,UA321,1.00E+07,19.443731,13.148599,0.78855526,0.17133158,21,1.3896685,1.4384305,66.85427381,86.29800481,0.068633682,Exp2
230,5,UA321,1.00E+07,12.424188,8.0839205,0.47766832,0.20181741,38,3.3769667,1.5760758,92.86406826,105.2882563,0.045103242,Exp2
231,5,UA321,1.00E+07,12.382025,7.993191,0.47654796,0.19363734,38,4.150003,0.6439294,112.2873184,124.6693434,0.046329349,Exp2
232,5,UA321,1.00E+07,18.55383,11.164584,0.62714356,0.17960505,45,3.3738205,0.9466446,96.5408454,115.0946754,0.052956053,Exp2
233,6,UA321,1.00E+08,25.7663,14.782915,0.8101237,0.17131002,58,2.8526604,0.6720517,154.0832582,179.8495582,0.053730544,Exp2
234,6,UA321,1.00E+08,19.194569,11.797752,0.67149407,0.1817045,58,3.6348794,2.341227,176.4123892,195.6069582,0.053855378,Exp2
235,6,UA321,1.00E+08,23.628227,15.515742,0.89434326,0.18929017,21,2.9797013,1.3966881,58.83379369,82.46202069,0.068688501,Exp2
236,6,UA321,1.00E+08,24.139736,13.420719,0.8571969,0.14962307,33,2.3693326,0.8115289,140.5704578,164.7101938,0.059986963,Exp2
237,6,UA321,1.00E+08,20.78782,12.8354435,0.7214646,0.19074287,51,3.221495,0.5938976,176.5826144,197.3704344,0.060258281,Exp2
238,6,UA321,1.00E+08,32.79528,18.550081,0.9598678,0.1546881,38,1.3406152,1.1297963,109.53518,142.33046,0.068585535,Exp2
239,6,UA321,1.00E+08,21.097622,14.397511,0.965664,0.18990576,68,3.4845572,3.8635976,160.7554703,181.8530923,0.06420196,Exp2
240,6,UA321,1.00E+08,28.451262,15.797882,0.8536904,0.14920947,43,2.440324,0.92738265,120.4419201,148.8931821,0.059727528,Exp2
241,7,EA575,control,24.542519,11.825441,0.70825434,0.12055928,34,3.6449451,1.4240115,109.4767131,134.0192321,0.0482026,Exp2
242,7,EA575,control,22.995968,12.428716,0.6549142,0.15250961,42,2.9215362,2.3182044,126.0916961,149.0876641,0.046304405,Exp2
243,7,EA575,control,20.699238,11.428267,0.64023584,0.1589106,53,3.880789,0.9168345,177.9625352,198.6617732,0.043123183,Exp2
244,7,EA575,control,25.08486,13.357651,0.7176843,0.14251013,45,2.071974,4.065091,148.0885227,173.1733827,0.051909534,Exp2
245,7,EA575,control,25.188318,14.569397,0.79298013,0.17576326,56,2.9834201,0.6765722,188.9219799,214.1102979,0.044447765,Exp2
246,7,EA575,control,13.474003,9.166378,0.59725845,0.20528725,52,4.051227,0.8415627,136.0424646,149.5164676,0.04350021,Exp2
247,7,EA575,control,11.346357,7.0644016,0.42983046,0.19836468,32,4.0055175,1.347327,98.8353331,110.1816901,0.043075215,Exp2
248,7,EA575,control,12.177598,7.6334567,0.42950097,0.19015855,11,1.2743857,0.9695391,31.65077755,43.82837555,0.051286042,Exp2
249,8,EA575,1.00E+04,20.497816,11.331598,0.65728563,0.14850569,39,3.3116,2.979262,70.4337492,90.9315652,0.066087356,Exp2
250,8,EA575,1.00E+04,20.097788,12.71664,0.7305044,0.19010432,27,1.8905596,4.1310997,46.14270093,66.24048893,0.075832437,Exp2
251,8,EA575,1.00E+04,29.959959,16.244867,0.84573686,0.14515045,41,2.4030588,1.4253532,83.3087657,113.2687247,0.065441633,Exp2
252,8,EA575,1.00E+04,11.536512,3.710813,0.111223176,0.09211237,51,6.617622,0.342342,62.94078176,74.47729376,0.034505487,Exp2
253,8,EA575,1.00E+04,28.584162,18.950083,1.1768564,0.1946469,56,2.440853,0.68848664,170.8912108,199.4753728,0.070366758,Exp2
254,8,EA575,1.00E+04,24.045883,15.926607,0.96031284,0.1965029,56,6.580608,0.9950172,160.2254498,184.2713328,0.056008155,Exp2
255,8,EA575,1.00E+04,16.96696,10.597334,0.68977374,0.16868,49,4.073735,1.2434889,153.4050455,170.3720055,0.054820635,Exp2
256,8,EA575,1.00E+04,23.35155,14.709516,0.8925866,0.17145045,40,2.9920986,1.1797158,130.154696,153.506246,0.057603838,Exp2
257,9,EA575,1.00E+05,20.849686,11.120936,0.56618696,0.15920031,56,3.1539543,0.80620164,206.1225546,226.9722406,0.048478276,Exp2
258,9,EA575,1.00E+05,26.044184,14.469143,0.74716634,0.15891121,92,3.9765143,1.8083209,270.6733298,296.7175138,0.060420043,Exp2
259,9,EA575,1.00E+05,27.570173,14.89134,0.75611466,0.16266984,35,2.1966631,0.8551737,110.891896,138.462069,0.057728603,Exp2
260,9,EA575,1.00E+05,31.905628,16.022484,0.81304634,0.13657415,85,2.6760275,2.5375767,244.5702261,276.4758541,0.059926663,Exp2
261,9,EA575,1.00E+05,18.90307,11.489159,0.6708078,0.17174324,76,4.102993,3.8438208,246.9201369,265.8232069,0.052805981,Exp2
262,9,EA575,1.00E+05,31.6586,18.788092,1.1096803,0.157033,44,2.0840023,0.69504964,109.7206691,141.3792691,0.07123969,Exp2
263,9,EA575,1.00E+05,18.109465,10.694319,0.5980071,0.17613661,33,3.9800985,1.4549179,119.1643427,137.2738077,0.059750032,Exp2
264,9,EA575,1.00E+05,23.141657,14.760648,0.8092786,0.19336595,46,4.081306,4.2417154,123.1517666,146.2934236,0.066959004,Exp2
265,10,EA575,1.00E+06,18.431278,12.220175,0.7327677,0.19988583,58,3.3692238,1.346623,147.3511023,165.7823803,0.039940593,Exp2
266,10,EA575,1.00E+06,25.541502,13.590357,0.7599146,0.15544668,61,2.6711988,2.3026829,182.4531764,207.9946784,0.052009613,Exp2
267,10,EA575,1.00E+06,20.722857,12.825746,0.6676101,0.18933041,22,1.1089568,1.1002257,53.99661833,74.71947533,0.054206706,Exp2
268,10,EA575,1.00E+06,15.463209,10.718118,0.7087118,0.21122614,57,3.9450326,0.92214835,147.0264232,162.4896322,0.048163693,Exp2
269,10,EA575,1.00E+06,22.974665,12.535014,0.7035516,0.14750941,39,3.2202022,1.1870667,93.15107158,116.1257366,0.046344419,Exp2
270,10,EA575,1.00E+06,13.372043,10.734588,0.9335602,0.19466965,36,4.10424,0.7376599,113.3757927,126.7478357,0.049358739,Exp2
271,10,EA575,1.00E+06,26.540295,14.0826645,0.7235571,0.14997944,51,2.9723756,1.9508221,120.0017586,146.5420536,0.044425256,Exp2
272,10,EA575,1.00E+06,28.807777,19.043045,1.1442869,0.19295134,41,1.6971806,2.212585,109.8208832,138.6286602,0.060619506,Exp2
273,11,EA575,1.00E+07,29.205812,17.005402,0.9115257,0.16856197,66,2.797128,1.1614213,204.1896898,233.3955018,0.056679298,Exp2
274,11,EA575,1.00E+07,23.85085,14.899104,0.7869963,0.1935801,38,4.112745,2.0005574,107.6744132,131.5252632,0.071122256,Exp2
275,11,EA575,1.00E+07,26.01815,15.5789795,0.83370334,0.17500295,35,2.2785025,1.0954983,91.14711913,117.1652691,0.067647866,Exp2
276,11,EA575,1.00E+07,19.136662,12.710537,0.7454276,0.20521107,22,1.2764708,1.1584759,53.48011156,72.61677356,0.067104074,Exp2
277,11,EA575,1.00E+07,27.712933,14.014119,0.6999134,0.14096975,55,2.21028,0.84674424,135.0098866,162.7228196,0.058421692,Exp2
278,11,EA575,1.00E+07,17.41109,12.187892,0.79867357,0.20583673,31,2.305261,0.9409786,69.00621067,86.41730067,0.08371721,Exp2
279,11,EA575,1.00E+07,20.018475,12.768696,0.79834795,0.18498927,55,3.2916532,1.7621515,177.0923364,197.1108114,0.058241274,Exp2
280,11,EA575,1.00E+07,27.417131,14.6564865,0.8270244,0.13995497,56,2.7757602,2.010612,173.0030679,200.4201989,0.052147677,Exp2
281,12,EA575,1.00E+08,20.978716,10.854304,0.61181206,0.13573869,53,4.239772,1.495889,210.3567292,231.3354452,0.045289067,Exp2
282,12,EA575,1.00E+08,17.833832,9.102988,0.48415306,0.14900641,38,7.8666687,0.94099,120.9986736,138.8325056,0.048882964,Exp2
283,12,EA575,1.00E+08,24.73094,13.367837,0.6724317,0.15628362,40,2.279354,0.88047254,132.3438596,157.0747996,0.051116693,Exp2
284,12,EA575,1.00E+08,23.669062,13.064171,0.7005396,0.16075422,41,2.028032,2.2332535,111.9860263,135.6550883,0.05199041,Exp2
285,12,EA575,1.00E+08,19.632277,15.664442,1.1877565,0.2318605,84,4.792667,3.853902,232.5077819,252.1400589,0.051239277,Exp2
286,12,EA575,1.00E+08,30.055752,15.781539,0.77114236,0.1551132,41,1.4457582,2.9374347,86.68873871,116.7444907,0.057923441,Exp2
287,12,EA575,1.00E+08,27.631992,16.015299,0.84016687,0.16751061,45,1.7572207,0.9200389,105.0373454,132.6693374,0.054628501,Exp2
288,12,EA575,1.00E+08,21.612986,13.371102,0.82417554,0.16965164,26,1.8250002,1.5271845,50.00697597,71.61996197,0.059206775,Exp2
289,13,FZB42,control,18.12759,10.961591,0.64520717,0.1629777,36,3.0216577,0.8358402,72.67306163,90.80065163,0.073575203,Exp2
290,13,FZB42,control,17.641981,11.146374,0.68103296,0.1825681,48,3.439965,1.9972413,144.955803,162.597784,0.05552586,Exp2
291,13,FZB42,control,27.92362,15.37162,0.8340354,0.14773534,48,3.0301967,1.2144742,135.8885638,163.8121838,0.058959321,Exp2
292,13,FZB42,control,27.077156,15.59701,0.86490697,0.16385731,55,3.0878534,2.5617802,164.1573894,191.2345454,0.058556331,Exp2
293,13,FZB42,control,15.91538,8.86224,0.51529324,0.1444872,37,4.0189166,1.4813247,97.5549483,113.4703283,0.064844275,Exp2
294,13,FZB42,control,18.000734,12.482111,0.8275952,0.20950033,57,3.2547848,0.90874064,157.2931349,175.2938689,0.054883768,Exp2
295,13,FZB42,control,18.948566,9.159449,0.44374368,0.12642731,32,2.8560834,0.93676645,116.0146377,134.9632037,0.060123359,Exp2
296,13,FZB42,control,28.96794,16.23405,0.8147206,0.15589012,40,1.3964956,1.8872471,65.27798973,94.24592973,0.062096377,Exp2
297,14,FZB42,1.00E+04,20.949991,12.310079,0.6509065,0.175487,44,2.3607075,2.9093351,173.2100581,194.1600491,0.062410063,Exp2
298,14,FZB42,1.00E+04,20.02571,10.535905,0.5250855,0.15868154,29,2.5442681,1.5932707,133.1156382,153.1413482,0.061119284,Exp2
299,14,FZB42,1.00E+04,20.464762,12.6557665,0.7513626,0.17740187,43,2.6269798,1.9935702,105.426281,125.891043,0.056403544,Exp2
300,14,FZB42,1.00E+04,22.834814,14.256519,0.8611573,0.15267923,28,1.6726366,2.0156221,73.25739137,96.09220537,0.077145237,Exp2
301,14,FZB42,1.00E+04,20.736046,12.254568,0.6858487,0.16381794,53,3.7644114,0.70367855,146.0869849,166.8230309,0.055008678,Exp2
302,14,FZB42,1.00E+04,21.791462,11.498633,0.56947035,0.14676468,44,2.1755586,9.510829,76.07708943,97.86855143,0.057572744,Exp2
303,14,FZB42,1.00E+04,27.349337,15.104381,0.79692996,0.15500167,50,2.2006085,0.781458,127.3630386,154.7123756,0.067586525,Exp2
304,14,FZB42,1.00E+04,19.887545,11.453014,0.6635822,0.16163349,23,1.6763265,0.8346309,115.9136521,135.9635371,0.049983284,Exp2
305,15,FZB42,1.00E+05,17.36876086,11.75586029,0.809786159,0.19650719,37,3.846258857,1.641474914,109.7389638,127.1077246,0.052526043,Exp2
306,15,FZB42,1.00E+05,18.042795,14.081897,0.9438489,0.23926456,30,2.1719348,0.870036,102.4631999,120.5059949,0.068052699,Exp2
307,15,FZB42,1.00E+05,12.459799,9.797057,0.82760346,0.22759742,44,8.145605,1.4524046,141.1781625,153.6379615,0.046164493,Exp2
308,15,FZB42,1.00E+05,17.672373,9.022713,0.49417055,0.13884218,30,2.8204849,1.5447668,94.80343749,112.4758105,0.051218011,Exp2
309,15,FZB42,1.00E+05,20.950293,13.689859,0.848754,0.19315132,51,3.286458,1.4621198,181.7882804,202.7385734,0.054651779,Exp2
310,15,FZB42,1.00E+05,18.564297,13.051697,1.0634115,0.20329446,34,2.5967255,1.2624034,81.37913901,99.94343601,0.041916545,Exp2
311,15,FZB42,1.00E+05,12.367731,8.504108,0.6298861,0.18477654,42,5.5043473,0.5607203,81.98958158,94.35731258,0.055354521,Exp2
312,15,FZB42,1.00E+05,21.524038,14.143691,0.8608286,0.18862385,34,2.3982565,4.3378735,84.57094556,106.0949836,0.05032425,Exp2
313,16,FZB42,1.00E+06,22.537916,13.687206,0.7786957,0.17237183,58,3.5663574,1.1191491,148.1882798,170.7261958,0.055427541,Exp2
314,16,FZB42,1.00E+06,19.099907,8.957254,0.39433354,0.14072971,29,2.3609083,1.3379289,105.7475328,124.8474398,0.049333514,Exp2
315,16,FZB42,1.00E+06,18.908834,10.727961,0.8158434,0.15573306,39,2.487838,1.3558248,81.93509723,100.8439312,0.052585657,Exp2
316,16,FZB42,1.00E+06,18.81867975,11.09775488,0.647241721,0.152198306,35,2.454152525,1.69413725,109.5112513,128.329931,0.047425087,Exp2
317,16,FZB42,1.00E+06,15.58444,11.923857,0.7824026,0.23710869,19,2.943794,3.8700502,104.2206058,119.8050458,0.06831989,Exp2
318,16,FZB42,1.00E+06,22.523514,13.332845,0.78295463,0.16718528,59,3.1959853,1.6961157,192.7713039,215.2948179,0.048478614,Exp2
319,16,FZB42,1.00E+06,27.380919,16.823368,0.93815774,0.18507178,33,1.6300242,2.121185,83.8588328,111.2397518,0.057758002,Exp2
320,16,FZB42,1.00E+06,24.513908,13.329548,0.68554616,0.1593861,49,3.448313,2.0528443,159.368358,183.882266,0.047497479,Exp2
321,17,FZB42,1.00E+07,20.740957,10.475231,0.51178163,0.14589895,38,3.0951715,1.4674201,72.34533816,93.08629516,0.049793723,Exp2
322,17,FZB42,1.00E+07,28.789265,16.82696,0.9184242,0.16922346,50,2.316838,0.8765052,195.4096563,224.1989213,0.058641515,Exp2
323,17,FZB42,1.00E+07,18.054562,10.736115,0.6419759,0.17087339,34,4.8467455,1.0345695,113.1916079,131.2461699,0.04354036,Exp2
324,17,FZB42,1.00E+07,34.422325,22.227955,1.3580945,0.17992714,57,2.0619586,1.6374048,183.2885659,217.7108909,0.078074234,Exp2
325,17,FZB42,1.00E+07,33.199783,19.018753,0.94645023,0.17513801,63,2.0828996,3.4159286,145.3566978,178.5564808,0.063847143,Exp2
326,17,FZB42,1.00E+07,26.184158,15.27614,1.0147002,0.15526552,47,3.2099223,1.0413995,113.3764318,139.5605898,0.047891746,Exp2
327,17,FZB42,1.00E+07,29.505056,16.667511,0.8812328,0.15472959,32,1.6110673,0.82106185,90.55499976,120.0600558,0.06493324,Exp2
328,17,FZB42,1.00E+07,34.33746,17.924198,0.8753213,0.14039215,32,1.8946202,0.9451618,102.1928931,136.5303531,0.061444107,Exp2
329,18,FZB42,1.00E+08,28.588913,17.732872,1.0147939,0.17471373,35,1.7838188,0.7301594,108.5517374,137.1406504,0.07003422,Exp2
330,18,FZB42,1.00E+08,23.290636,13.885799,0.8174424,0.17392057,41,2.282672,1.4681381,115.1297638,138.4203998,0.055740555,Exp2
331,18,FZB42,1.00E+08,27.659864,14.46981,0.80082893,0.14097825,50,2.5372875,2.8043282,158.5198938,186.1797578,0.044642358,Exp2
332,18,FZB42,1.00E+08,27.143715,16.719568,0.96995586,0.17862959,36,3.0819552,1.7905792,100.8771245,128.0208395,0.075499744,Exp2
333,18,FZB42,1.00E+08,28.484312,16.902739,0.8763014,0.17381068,46,1.813278,2.0686424,126.1941419,154.6784539,0.063187559,Exp2
334,18,FZB42,1.00E+08,19.599121,12.866398,0.8051449,0.18963444,46,3.2866168,0.71891594,139.9124142,159.5115352,0.061756172,Exp2
335,18,FZB42,1.00E+08,11.333889,9.111389,0.6195417,0.25089833,20,3.6926289,3.382389,112.2135304,123.5474194,0.073999438,Exp2
336,18,FZB42,1.00E+08,23.72863571,14.52693929,0.84342987,0.183226513,39,2.639751029,1.851878891,123.0569437,146.7855794,0.063551435,Exp2
337,19,MBI600,control,25.009882,17.243202,1.1220095,0.1978015,26,1.1221625,3.9350638,55.9079423,80.9178243,0.071097381,Exp2
338,19,MBI600,control,25.75345,17.604805,1.0891794,0.19163959,26,2.7640207,2.145086,51.70054235,77.45399235,0.056311727,Exp2
339,19,MBI600,control,23.209785,14.70508,0.9033542,0.17007859,38,2.709751,0.9269351,76.3897911,99.5995761,0.042816331,Exp2
340,19,MBI600,control,26.134455,15.788936,0.9880635,0.14825042,17,1.2086859,3.7696934,58.1553594,84.2898144,0.0633012,Exp2
341,19,MBI600,control,23.07235643,14.32084043,0.867176663,0.173133653,36,2.5615455,2.061273414,102.0223254,125.0946818,0.053199253,Exp2
342,19,MBI600,control,26.338682,14.089266,0.7332405,0.15066482,60,3.386383,1.4353055,199.8592436,226.1979256,0.044156961,Exp2
343,19,MBI600,control,21.635477,11.549595,0.6376993,0.14413558,42,2.5402734,1.3891155,132.4171947,154.0526717,0.044523976,Exp2
344,19,MBI600,control,13.424764,9.264999,0.59669024,0.20936507,44,4.199542,0.8277146,139.7262041,153.1509681,0.050187195,Exp2
345,20,MBI600,1.00E+04,26.866682,15.989051,0.83619577,0.17292528,32,1.424804,2.0905378,72.44510169,99.31178369,0.068238979,Exp2
346,20,MBI600,1.00E+04,18.106611,11.158692,0.7139998,0.16771719,36,5.15726,1.3253322,106.2246035,124.3312145,0.056041596,Exp2
347,20,MBI600,1.00E+04,22.366243,11.725615,0.60596806,0.15026899,48,3.2606127,1.7127082,165.4765127,187.8427557,0.04851029,Exp2
348,20,MBI600,1.00E+04,25.159624,12.260289,0.58453065,0.1352522,39,2.9417608,1.1716889,136.8544918,162.0141158,0.05479173,Exp2
349,20,MBI600,1.00E+04,29.806654,15.630434,0.7853726,0.14134313,35,1.2885084,1.3133123,77.08419101,106.890845,0.068402123,Exp2
350,20,MBI600,1.00E+04,24.4611628,13.3528162,0.705213376,0.153501358,38,2.81458918,1.52271588,111.6169801,136.0781429,0.059196943,Exp2
351,20,MBI600,1.00E+04,29.455118,16.0938,0.8823067,0.14852789,50,3.3949957,0.8839978,74.89288191,104.3479999,0.072412516,Exp2
352,20,MBI600,1.00E+04,16.699175,11.827576,0.72051275,0.21322644,31,2.2293751,3.7822113,107.9524893,124.6516643,0.06310899,Exp2
353,21,MBI600,1.00E+05,13.615554,8.80672,0.54388255,0.19690044,44,3.3443174,1.7291293,125.2329732,138.8485272,0.03913909,Exp2
354,21,MBI600,1.00E+05,8.289859,7.1797385,0.5710985,0.27426058,33,4.234388,0.80908614,105.2079731,113.4978321,0.052953042,Exp2
355,21,MBI600,1.00E+05,20.391195,10.992477,0.53898376,0.16468388,44,3.0521388,0.7135444,155.0401186,175.4313136,0.055569243,Exp2
356,21,MBI600,1.00E+05,16.835909,10.103468,0.73332924,0.14149036,26,1.6919607,1.0756546,95.6784242,112.5143332,0.054890206,Exp2
357,21,MBI600,1.00E+05,25.401886,14.266888,0.80027044,0.14747642,47,2.6866019,1.6789812,126.1127258,151.5146118,0.044706873,Exp2
358,21,MBI600,1.00E+05,20.58257,12.517908,0.73201174,0.16777486,62,3.4683263,2.4946349,120.4513951,141.0339651,0.045805788,Exp2
359,21,MBI600,1.00E+05,28.550074,16.226717,0.845607,0.16788998,27,1.3163965,3.974215,76.90534796,105.455422,0.067326629,Exp2
360,21,MBI600,1.00E+05,15.52916,11.211488,0.8162381,0.20425966,40,3.2850976,1.1802456,104.9168738,120.4460338,0.047687715,Exp2
361,22,MBI600,1.00E+06,28.217407,17.081789,0.9424522,0.17694008,21,1.3008024,2.336885,72.9236207,101.1410277,0.081070528,Exp2
362,22,MBI600,1.00E+06,24.295015,15.280447,0.8618924,0.17893632,36,2.0455313,1.6075149,76.34336483,100.6383798,0.066678865,Exp2
363,22,MBI600,1.00E+06,27.012861,17.170918,0.9723219,0.1940335,13,0.5445774,2.190983,45.59634498,72.60920598,0.08181871,Exp2
364,22,MBI600,1.00E+06,25.19425,13.97313,0.70339173,0.1548805,59,3.4786444,2.995516,164.0360946,189.2303446,0.053905353,Exp2
365,22,MBI600,1.00E+06,21.69391,13.149328,0.7116594,0.18198396,30,1.6444194,1.1299564,62.21756375,83.91147375,0.064156253,Exp2
366,22,MBI600,1.00E+06,20.9548349,12.53202754,0.675817366,0.170931444,32,2.477097843,1.826435686,77.75907458,98.71390948,0.062921225,Exp2
367,22,MBI600,1.00E+06,14.002724,8.821917,0.47041145,0.19876246,36,2.870107,1.4552115,81.95850918,95.96123318,0.057550546,Exp2
368,22,MBI600,1.00E+06,6.2676773,2.2466638,0.06859248,0.11098329,33,5.455603,1.068983,41.23802404,47.50570134,0.035268321,Exp2
369,23,MBI600,1.00E+07,15.462736,7.4968476,0.36371532,0.14325573,37,3.78609,0.9088209,121.009426,136.472162,0.04675011,Exp2
370,23,MBI600,1.00E+07,18.42516,11.811387,0.72661066,0.18099749,47,2.8058708,0.73824,153.7429267,172.1680867,0.053310471,Exp2
371,23,MBI600,1.00E+07,24.73088,14.154863,0.7826071,0.16316909,52,2.9307811,1.1173955,143.4162673,168.1471473,0.050591212,Exp2
372,23,MBI600,1.00E+07,22.918463,11.682958,0.587176,0.1460935,52,3.4105406,0.71939015,169.3319503,192.2504133,0.045934539,Exp2
373,23,MBI600,1.00E+07,20.38430975,11.2865139,0.61502727,0.158378953,47,3.233320625,0.870961638,146.8751426,167.2594523,0.049146583,Exp2
374,23,MBI600,1.00E+07,17.9702,10.525539,0.6167135,0.16329181,36,3.4226537,0.90286684,125.2127237,143.1829237,0.048450359,Exp2
375,23,MBI600,1.00E+07,24.345108,14.984823,0.8018426,0.18186826,43,3.0453026,1.424917,125.3282636,149.6733716,0.049255655,Exp2
376,23,MBI600,1.00E+07,11.396372,8.465035,0.64382917,0.18972783,26,3.3442678,2.1154795,138.067788,149.46416,0.065453575,Exp2
377,24,MBI600,1.00E+08,28.589598,15.877952,0.85876447,0.1632602,72,3.227707,1.346968,194.5543749,223.1439729,0.056608951,Exp2
378,24,MBI600,1.00E+08,17.752413,11.963374,0.7785707,0.1751986,34,3.7750142,1.5373956,68.07430206,85.82671506,0.058640695,Exp2
379,24,MBI600,1.00E+08,21.803213,15.611834,1.0061761,0.20874412,67,3.2513478,1.0720627,278.3236231,300.1268361,0.0566087,Exp2
380,24,MBI600,1.00E+08,20.764256,11.352308,0.5951037,0.1522031,54,4.528184,1.629343,152.0856107,172.8498667,0.05179554,Exp2
381,24,MBI600,1.00E+08,22.016443,13.275329,0.74570906,0.17703268,61,2.8844247,0.9005379,194.3555877,216.3720307,0.060718572,Exp2
382,24,MBI600,1.00E+08,17.792837,9.367465,0.4559161,0.15464336,45,2.810602,4.5083704,164.7314841,182.5243211,0.060523867,Exp2
383,24,MBI600,1.00E+08,27.005863,17.867424,1.1483676,0.17827195,55,2.5414927,1.6559296,131.3723184,158.3781814,0.061554247,Exp2
384,24,MBI600,1.00E+08,29.790188,17.051392,0.9896813,0.15611543,76,2.992184,1.9652668,233.3533646,263.1435526,0.060070089,Exp2
